Name,Code,Offset
Africa/Abidjan,GMT,+00:00
Africa/Accra,GMT,+00:00
Africa/Addis_Ababa,EAT,+03:00
Africa/Algiers,CET,+01:00
Africa/Asmara,EAT,+03:00
Africa/Asmera,EAT,+03:00
Africa/Bamako,GMT,+00:00
Africa/Bangui,WAT,+01:00
Africa/Banjul,GMT,+00:00
Africa/Bissau,GMT,+00:00
Africa/Blantyre,CAT,+02:00
Africa/Brazzaville,WAT,+01:00
Africa/Bujumbura,CAT,+02:00
Africa/Cairo,EET,+02:00
Africa/Cairo,EEST,+03:00
Africa/Casablanca,+01,+01:00
Africa/Ceuta,CET,+01:00
Africa/Ceuta,CEST,+02:00
Africa/Conakry,GMT,+00:00
Africa/Dakar,GMT,+00:00
Africa/Dar_es_Salaam,EAT,+03:00
Africa/Djibouti,EAT,+03:00
Africa/Douala,WAT,+01:00
Africa/El_Aaiun,+01,+01:00
Africa/Freetown,GMT,+00:00
Africa/Gaborone,CAT,+02:00
Africa/Harare,CAT,+02:00
Africa/Johannesburg,SAST,+02:00
Africa/Juba,CAT,+02:00
Africa/Kampala,EAT,+03:00
Africa/Khartoum,CAT,+02:00
Africa/Kigali,CAT,+02:00
Africa/Kinshasa,WAT,+01:00
Africa/Lagos,WAT,+01:00
Africa/Libreville,WAT,+01:00
Africa/Lome,GMT,+00:00
Africa/Luanda,WAT,+01:00
Africa/Lubumbashi,CAT,+02:00
Africa/Lusaka,CAT,+02:00
Africa/Malabo,WAT,+01:00
Africa/Maputo,CAT,+02:00
Africa/Maseru,SAST,+02:00
Africa/Mbabane,SAST,+02:00
Africa/Mogadishu,EAT,+03:00
Africa/Monrovia,GMT,+00:00
Africa/Nairobi,EAT,+03:00
Africa/Ndjamena,WAT,+01:00
Africa/Niamey,WAT,+01:00
Africa/Nouakchott,GMT,+00:00
Africa/Ouagadougou,GMT,+00:00
Africa/Porto-Novo,WAT,+01:00
Africa/Sao_Tome,GMT,+00:00
Africa/Timbuktu,GMT,+00:00
Africa/Tripoli,EET,+02:00
Africa/Tunis,CET,+01:00
Africa/Windhoek,CAT,+02:00
America/Adak,HST,-10:00
America/Adak,HDT,-09:00
America/Anchorage,AKST,-09:00
America/Anchorage,AKDT,-08:00
America/Anguilla,AST,-04:00
America/Antigua,AST,-04:00
America/Araguaina,-03,-03:00
America/Argentina/Buenos_Aires,-03,-03:00
America/Argentina/Catamarca,-03,-03:00
America/Argentina/ComodRivadavia,-03,-03:00
America/Argentina/Cordoba,-03,-03:00
America/Argentina/Jujuy,-03,-03:00
America/Argentina/La_Rioja,-03,-03:00
America/Argentina/Mendoza,-03,-03:00
America/Argentina/Rio_Gallegos,-03,-03:00
America/Argentina/Salta,-03,-03:00
America/Argentina/San_Juan,-03,-03:00
America/Argentina/San_Luis,-03,-03:00
America/Argentina/Tucuman,-03,-03:00
America/Argentina/Ushuaia,-03,-03:00
America/Aruba,AST,-04:00
America/Asuncion,-03,-03:00
America/Asuncion,-04,-04:00
America/Atikokan,EST,-05:00
America/Atka,HST,-10:00
America/Atka,HDT,-09:00
America/Bahia,-03,-03:00
America/Bahia_Banderas,CST,-06:00
America/Barbados,AST,-04:00
America/Belem,-03,-03:00
America/Belize,CST,-06:00
America/Blanc-Sablon,AST,-04:00
America/Boa_Vista,-04,-04:00
America/Bogota,-05,-05:00
America/Boise,MST,-07:00
America/Boise,MDT,-06:00
America/Buenos_Aires,-03,-03:00
America/Cambridge_Bay,MST,-07:00
America/Cambridge_Bay,MDT,-06:00
America/Campo_Grande,-04,-04:00
America/Cancun,EST,-05:00
America/Caracas,-04,-04:00
America/Catamarca,-03,-03:00
America/Cayenne,-03,-03:00
America/Cayman,EST,-05:00
America/Chicago,CST,-06:00
America/Chicago,CDT,-05:00
America/Chihuahua,CST,-06:00
America/Ciudad_Juarez,MST,-07:00
America/Ciudad_Juarez,MDT,-06:00
America/Coral_Harbour,EST,-05:00
America/Cordoba,-03,-03:00
America/Costa_Rica,CST,-06:00
America/Creston,MST,-07:00
America/Cuiaba,-04,-04:00
America/Curacao,AST,-04:00
America/Danmarkshavn,GMT,+00:00
America/Dawson,MST,-07:00
America/Dawson_Creek,MST,-07:00
America/Denver,MST,-07:00
America/Denver,MDT,-06:00
America/Detroit,EST,-05:00
America/Detroit,EDT,-04:00
America/Dominica,AST,-04:00
America/Edmonton,MST,-07:00
America/Edmonton,MDT,-06:00
America/Eirunepe,-05,-05:00
America/El_Salvador,CST,-06:00
America/Ensenada,PST,-08:00
America/Ensenada,PDT,-07:00
America/Fort_Nelson,MST,-07:00
America/Fort_Wayne,EST,-05:00
America/Fort_Wayne,EDT,-04:00
America/Fortaleza,-03,-03:00
America/Glace_Bay,AST,-04:00
America/Glace_Bay,ADT,-03:00
America/Godthab,-03,-03:00
America/Godthab,-02,-02:00
America/Goose_Bay,AST,-04:00
America/Goose_Bay,ADT,-03:00
America/Grand_Turk,EST,-05:00
America/Grand_Turk,EDT,-04:00
America/Grenada,AST,-04:00
America/Guadeloupe,AST,-04:00
America/Guatemala,CST,-06:00
America/Guayaquil,-05,-05:00
America/Guyana,-04,-04:00
America/Halifax,AST,-04:00
America/Halifax,ADT,-03:00
America/Havana,CST,-05:00
America/Havana,CDT,-04:00
America/Hermosillo,MST,-07:00
America/Indiana/Indianapolis,EST,-05:00
America/Indiana/Indianapolis,EDT,-04:00
America/Indiana/Knox,CST,-06:00
America/Indiana/Knox,CDT,-05:00
America/Indiana/Marengo,EST,-05:00
America/Indiana/Marengo,EDT,-04:00
America/Indiana/Petersburg,EST,-05:00
America/Indiana/Petersburg,EDT,-04:00
America/Indiana/Tell_City,CST,-06:00
America/Indiana/Tell_City,CDT,-05:00
America/Indiana/Vevay,EST,-05:00
America/Indiana/Vevay,EDT,-04:00
America/Indiana/Vincennes,EST,-05:00
America/Indiana/Vincennes,EDT,-04:00
America/Indiana/Winamac,EST,-05:00
America/Indiana/Winamac,EDT,-04:00
America/Indianapolis,EST,-05:00
America/Indianapolis,EDT,-04:00
America/Inuvik,MST,-07:00
America/Inuvik,MDT,-06:00
America/Iqaluit,EST,-05:00
America/Iqaluit,EDT,-04:00
America/Jamaica,EST,-05:00
America/Jujuy,-03,-03:00
America/Juneau,AKST,-09:00
America/Juneau,AKDT,-08:00
America/Kentucky/Louisville,EST,-05:00
America/Kentucky/Louisville,EDT,-04:00
America/Kentucky/Monticello,EST,-05:00
America/Kentucky/Monticello,EDT,-04:00
America/Knox_IN,CST,-06:00
America/Knox_IN,CDT,-05:00
America/Kralendijk,AST,-04:00
America/La_Paz,-04,-04:00
America/Lima,-05,-05:00
America/Los_Angeles,PST,-08:00
America/Los_Angeles,PDT,-07:00
America/Louisville,EST,-05:00
America/Louisville,EDT,-04:00
America/Lower_Princes,AST,-04:00
America/Maceio,-03,-03:00
America/Managua,CST,-06:00
America/Manaus,-04,-04:00
America/Marigot,AST,-04:00
America/Martinique,AST,-04:00
America/Matamoros,CST,-06:00
America/Matamoros,CDT,-05:00
America/Mazatlan,MST,-07:00
America/Mendoza,-03,-03:00
America/Menominee,CST,-06:00
America/Menominee,CDT,-05:00
America/Merida,CST,-06:00
America/Metlakatla,AKST,-09:00
America/Metlakatla,AKDT,-08:00
America/Mexico_City,CST,-06:00
America/Miquelon,-03,-03:00
America/Miquelon,-02,-02:00
America/Moncton,AST,-04:00
America/Moncton,ADT,-03:00
America/Monterrey,CST,-06:00
America/Montevideo,-03,-03:00
America/Montreal,EST,-05:00
America/Montreal,EDT,-04:00
America/Montserrat,AST,-04:00
America/Nassau,EST,-05:00
America/Nassau,EDT,-04:00
America/New_York,EST,-05:00
America/New_York,EDT,-04:00
America/Nipigon,EST,-05:00
America/Nipigon,EDT,-04:00
America/Nome,AKST,-09:00
America/Nome,AKDT,-08:00
America/Noronha,-02,-02:00
America/North_Dakota/Beulah,CST,-06:00
America/North_Dakota/Beulah,CDT,-05:00
America/North_Dakota/Center,CST,-06:00
America/North_Dakota/Center,CDT,-05:00
America/North_Dakota/New_Salem,CST,-06:00
America/North_Dakota/New_Salem,CDT,-05:00
America/Nuuk,-03,-03:00
America/Nuuk,-02,-02:00
America/Ojinaga,CST,-06:00
America/Ojinaga,CDT,-05:00
America/Panama,EST,-05:00
America/Pangnirtung,EST,-05:00
America/Pangnirtung,EDT,-04:00
America/Paramaribo,-03,-03:00
America/Phoenix,MST,-07:00
America/Port-au-Prince,EST,-05:00
America/Port-au-Prince,EDT,-04:00
America/Port_of_Spain,AST,-04:00
America/Porto_Acre,-05,-05:00
America/Porto_Velho,-04,-04:00
America/Puerto_Rico,AST,-04:00
America/Punta_Arenas,-03,-03:00
America/Rainy_River,CST,-06:00
America/Rainy_River,CDT,-05:00
America/Rankin_Inlet,CST,-06:00
America/Rankin_Inlet,CDT,-05:00
America/Recife,-03,-03:00
America/Regina,CST,-06:00
America/Resolute,CST,-06:00
America/Resolute,CDT,-05:00
America/Rio_Branco,-05,-05:00
America/Rosario,-03,-03:00
America/Santa_Isabel,PST,-08:00
America/Santa_Isabel,PDT,-07:00
America/Santarem,-03,-03:00
America/Santiago,-03,-03:00
America/Santiago,-04,-04:00
America/Santo_Domingo,AST,-04:00
America/Sao_Paulo,-03,-03:00
America/Scoresbysund,-01,-01:00
America/Scoresbysund,+00,+00:00
America/Shiprock,MST,-07:00
America/Shiprock,MDT,-06:00
America/Sitka,AKST,-09:00
America/Sitka,AKDT,-08:00
America/St_Barthelemy,AST,-04:00
America/St_Johns,NST,-04:00
America/St_Johns,NDT,-02:00
America/St_Kitts,AST,-04:00
America/St_Lucia,AST,-04:00
America/St_Thomas,AST,-04:00
America/St_Vincent,AST,-04:00
America/Swift_Current,CST,-06:00
America/Tegucigalpa,CST,-06:00
America/Thule,AST,-04:00
America/Thule,ADT,-03:00
America/Thunder_Bay,EST,-05:00
America/Thunder_Bay,EDT,-04:00
America/Tijuana,PST,-08:00
America/Tijuana,PDT,-07:00
America/Toronto,EST,-05:00
America/Toronto,EDT,-04:00
America/Tortola,AST,-04:00
America/Vancouver,PST,-08:00
America/Vancouver,PDT,-07:00
America/Virgin,AST,-04:00
America/Whitehorse,MST,-07:00
America/Winnipeg,CST,-06:00
America/Winnipeg,CDT,-05:00
America/Yakutat,AKST,-09:00
America/Yakutat,AKDT,-08:00
America/Yellowknife,MST,-07:00
America/Yellowknife,MDT,-06:00
Antarctica/Casey,+11,+11:00
Antarctica/Casey,+08,+08:00
Antarctica/Davis,+07,+07:00
Antarctica/DumontDUrville,+10,+10:00
Antarctica/Macquarie,AEDT,+11:00
Antarctica/Macquarie,AEST,+10:00
Antarctica/Mawson,+05,+05:00
Antarctica/McMurdo,NZDT,+13:00
Antarctica/McMurdo,NZST,+12:00
Antarctica/Palmer,-03,-03:00
Antarctica/Rothera,-03,-03:00
Antarctica/South_Pole,NZDT,+13:00
Antarctica/South_Pole,NZST,+12:00
Antarctica/Syowa,+03,+03:00
Antarctica/Troll,+00,+00:00
Antarctica/Troll,+02,+02:00
Antarctica/Vostok,+07,+07:00
Arctic/Longyearbyen,CET,+01:00
Arctic/Longyearbyen,CEST,+02:00
Asia/Aden,+03,+03:00
Asia/Almaty,+06,+06:00
Asia/Amman,+03,+03:00
Asia/Anadyr,+12,+12:00
Asia/Aqtau,+05,+05:00
Asia/Aqtobe,+05,+05:00
Asia/Ashgabat,+05,+05:00
Asia/Ashkhabad,+05,+05:00
Asia/Atyrau,+05,+05:00
Asia/Baghdad,+03,+03:00
Asia/Bahrain,+03,+03:00
Asia/Baku,+04,+04:00
Asia/Bangkok,+07,+07:00
Asia/Barnaul,+07,+07:00
Asia/Beirut,EET,+02:00
Asia/Beirut,EEST,+03:00
Asia/Bishkek,+06,+06:00
Asia/Brunei,+08,+08:00
Asia/Calcutta,IST,+06:00
Asia/Chita,+09,+09:00
Asia/Choibalsan,+08,+08:00
Asia/Chongqing,CST,+08:00
Asia/Chungking,CST,+08:00
Asia/Colombo,+0530,+06:00
Asia/Dacca,+06,+06:00
Asia/Damascus,+03,+03:00
Asia/Dhaka,+06,+06:00
Asia/Dili,+09,+09:00
Asia/Dubai,+04,+04:00
Asia/Dushanbe,+05,+05:00
Asia/Famagusta,EET,+02:00
Asia/Famagusta,EEST,+03:00
Asia/Gaza,EET,+02:00
Asia/Gaza,EEST,+03:00
Asia/Harbin,CST,+08:00
Asia/Hebron,EET,+02:00
Asia/Hebron,EEST,+03:00
Asia/Ho_Chi_Minh,+07,+07:00
Asia/Hong_Kong,HKT,+08:00
Asia/Hovd,+07,+07:00
Asia/Irkutsk,+08,+08:00
Asia/Istanbul,+03,+03:00
Asia/Jakarta,WIB,+07:00
Asia/Jayapura,WIT,+09:00
Asia/Jerusalem,IST,+02:00
Asia/Jerusalem,IDT,+03:00
Asia/Kabul,+0430,+04:00
Asia/Kamchatka,+12,+12:00
Asia/Karachi,PKT,+05:00
Asia/Kashgar,+06,+06:00
Asia/Kathmandu,+0545,+06:00
Asia/Katmandu,+0545,+06:00
Asia/Khandyga,+09,+09:00
Asia/Kolkata,IST,+06:00
Asia/Krasnoyarsk,+07,+07:00
Asia/Kuala_Lumpur,+08,+08:00
Asia/Kuching,+08,+08:00
Asia/Kuwait,+03,+03:00
Asia/Macao,CST,+08:00
Asia/Macau,CST,+08:00
Asia/Magadan,+11,+11:00
Asia/Makassar,WITA,+08:00
Asia/Manila,PST,+08:00
Asia/Muscat,+04,+04:00
Asia/Nicosia,EET,+02:00
Asia/Nicosia,EEST,+03:00
Asia/Novokuznetsk,+07,+07:00
Asia/Novosibirsk,+07,+07:00
Asia/Omsk,+06,+06:00
Asia/Oral,+05,+05:00
Asia/Phnom_Penh,+07,+07:00
Asia/Pontianak,WIB,+07:00
Asia/Pyongyang,KST,+09:00
Asia/Qatar,+03,+03:00
Asia/Qostanay,+06,+06:00
Asia/Qyzylorda,+05,+05:00
Asia/Rangoon,+0630,+06:00
Asia/Riyadh,+03,+03:00
Asia/Saigon,+07,+07:00
Asia/Sakhalin,+11,+11:00
Asia/Samarkand,+05,+05:00
Asia/Seoul,KST,+09:00
Asia/Shanghai,CST,+08:00
Asia/Singapore,+08,+08:00
Asia/Srednekolymsk,+11,+11:00
Asia/Taipei,CST,+08:00
Asia/Tashkent,+05,+05:00
Asia/Tbilisi,+04,+04:00
Asia/Tehran,+0330,+04:00
Asia/Tel_Aviv,IST,+02:00
Asia/Tel_Aviv,IDT,+03:00
Asia/Thimbu,+06,+06:00
Asia/Thimphu,+06,+06:00
Asia/Tokyo,JST,+09:00
Asia/Tomsk,+07,+07:00
Asia/Ujung_Pandang,WITA,+08:00
Asia/Ulaanbaatar,+08,+08:00
Asia/Ulan_Bator,+08,+08:00
Asia/Urumqi,+06,+06:00
Asia/Ust-Nera,+10,+10:00
Asia/Vientiane,+07,+07:00
Asia/Vladivostok,+10,+10:00
Asia/Yakutsk,+09,+09:00
Asia/Yangon,+0630,+06:00
Asia/Yekaterinburg,+05,+05:00
Asia/Yerevan,+04,+04:00
Atlantic/Azores,-01,-01:00
Atlantic/Azores,+00,+00:00
Atlantic/Bermuda,AST,-04:00
Atlantic/Bermuda,ADT,-03:00
Atlantic/Canary,WET,+00:00
Atlantic/Canary,WEST,+01:00
Atlantic/Cape_Verde,-01,-01:00
Atlantic/Faeroe,WET,+00:00
Atlantic/Faeroe,WEST,+01:00
Atlantic/Faroe,WET,+00:00
Atlantic/Faroe,WEST,+01:00
Atlantic/Jan_Mayen,CET,+01:00
Atlantic/Jan_Mayen,CEST,+02:00
Atlantic/Madeira,WET,+00:00
Atlantic/Madeira,WEST,+01:00
Atlantic/Reykjavik,GMT,+00:00
Atlantic/South_Georgia,-02,-02:00
Atlantic/St_Helena,GMT,+00:00
Atlantic/Stanley,-03,-03:00
Australia/ACT,AEDT,+11:00
Australia/ACT,AEST,+10:00
Australia/Adelaide,ACDT,+10:00
Australia/Adelaide,ACST,+10:00
Australia/Brisbane,AEST,+10:00
Australia/Broken_Hill,ACDT,+10:00
Australia/Broken_Hill,ACST,+10:00
Australia/Canberra,AEDT,+11:00
Australia/Canberra,AEST,+10:00
Australia/Currie,AEDT,+11:00
Australia/Currie,AEST,+10:00
Australia/Darwin,ACST,+10:00
Australia/Eucla,+0845,+09:00
Australia/Hobart,AEDT,+11:00
Australia/Hobart,AEST,+10:00
Australia/LHI,+11,+11:00
Australia/LHI,+1030,+10:00
Australia/Lindeman,AEST,+10:00
Australia/Lord_Howe,+11,+11:00
Australia/Lord_Howe,+1030,+10:00
Australia/Melbourne,AEDT,+11:00
Australia/Melbourne,AEST,+10:00
Australia/NSW,AEDT,+11:00
Australia/NSW,AEST,+10:00
Australia/North,ACST,+10:00
Australia/Perth,AWST,+08:00
Australia/Queensland,AEST,+10:00
Australia/South,ACDT,+10:00
Australia/South,ACST,+10:00
Australia/Sydney,AEDT,+11:00
Australia/Sydney,AEST,+10:00
Australia/Tasmania,AEDT,+11:00
Australia/Tasmania,AEST,+10:00
Australia/Victoria,AEDT,+11:00
Australia/Victoria,AEST,+10:00
Australia/West,AWST,+08:00
Australia/Yancowinna,ACDT,+10:00
Australia/Yancowinna,ACST,+10:00
Brazil/Acre,-05,-05:00
Brazil/DeNoronha,-02,-02:00
Brazil/East,-03,-03:00
Brazil/West,-04,-04:00
CET,CET,+01:00
CET,CEST,+02:00
CST6CDT,CST,-06:00
CST6CDT,CDT,-05:00
Canada/Atlantic,AST,-04:00
Canada/Atlantic,ADT,-03:00
Canada/Central,CST,-06:00
Canada/Central,CDT,-05:00
Canada/Eastern,EST,-05:00
Canada/Eastern,EDT,-04:00
Canada/Mountain,MST,-07:00
Canada/Mountain,MDT,-06:00
Canada/Newfoundland,NST,-04:00
Canada/Newfoundland,NDT,-02:00
Canada/Pacific,PST,-08:00
Canada/Pacific,PDT,-07:00
Canada/Saskatchewan,CST,-06:00
Canada/Yukon,MST,-07:00
Chile/Continental,-03,-03:00
Chile/Continental,-04,-04:00
Chile/EasterIsland,-05,-05:00
Chile/EasterIsland,-06,-06:00
Cuba,CST,-05:00
Cuba,CDT,-04:00
EET,EET,+02:00
EET,EEST,+03:00
EST,EST,-05:00
EST5EDT,EST,-05:00
EST5EDT,EDT,-04:00
Egypt,EET,+02:00
Egypt,EEST,+03:00
Eire,GMT,+00:00
Eire,IST,+01:00
Etc/GMT,GMT,+00:00
Etc/GMT+0,GMT,+00:00
Etc/GMT+1,-01,-01:00
Etc/GMT+10,-10,-10:00
Etc/GMT+11,-11,-11:00
Etc/GMT+12,-12,-12:00
Etc/GMT+2,-02,-02:00
Etc/GMT+3,-03,-03:00
Etc/GMT+4,-04,-04:00
Etc/GMT+5,-05,-05:00
Etc/GMT+6,-06,-06:00
Etc/GMT+7,-07,-07:00
Etc/GMT+8,-08,-08:00
Etc/GMT+9,-09,-09:00
Etc/GMT-0,GMT,+00:00
Etc/GMT-1,+01,+01:00
Etc/GMT-10,+10,+10:00
Etc/GMT-11,+11,+11:00
Etc/GMT-12,+12,+12:00
Etc/GMT-13,+13,+13:00
Etc/GMT-14,+14,+14:00
Etc/GMT-2,+02,+02:00
Etc/GMT-3,+03,+03:00
Etc/GMT-4,+04,+04:00
Etc/GMT-5,+05,+05:00
Etc/GMT-6,+06,+06:00
Etc/GMT-7,+07,+07:00
Etc/GMT-8,+08,+08:00
Etc/GMT-9,+09,+09:00
Etc/GMT0,GMT,+00:00
Etc/Greenwich,GMT,+00:00
Etc/UCT,UTC,+00:00
Etc/UTC,UTC,+00:00
Etc/Universal,UTC,+00:00
Etc/Zulu,UTC,+00:00
Europe/Amsterdam,CET,+01:00
Europe/Amsterdam,CEST,+02:00
Europe/Andorra,CET,+01:00
Europe/Andorra,CEST,+02:00
Europe/Astrakhan,+04,+04:00
Europe/Athens,EET,+02:00
Europe/Athens,EEST,+03:00
Europe/Belfast,GMT,+00:00
Europe/Belfast,BST,+01:00
Europe/Belgrade,CET,+01:00
Europe/Belgrade,CEST,+02:00
Europe/Berlin,CET,+01:00
Europe/Berlin,CEST,+02:00
Europe/Bratislava,CET,+01:00
Europe/Bratislava,CEST,+02:00
Europe/Brussels,CET,+01:00
Europe/Brussels,CEST,+02:00
Europe/Bucharest,EET,+02:00
Europe/Bucharest,EEST,+03:00
Europe/Budapest,CET,+01:00
Europe/Budapest,CEST,+02:00
Europe/Busingen,CET,+01:00
Europe/Busingen,CEST,+02:00
Europe/Chisinau,EET,+02:00
Europe/Chisinau,EEST,+03:00
Europe/Copenhagen,CET,+01:00
Europe/Copenhagen,CEST,+02:00
Europe/Dublin,GMT,+00:00
Europe/Dublin,IST,+01:00
Europe/Gibraltar,CET,+01:00
Europe/Gibraltar,CEST,+02:00
Europe/Guernsey,GMT,+00:00
Europe/Guernsey,BST,+01:00
Europe/Helsinki,EET,+02:00
Europe/Helsinki,EEST,+03:00
Europe/Isle_of_Man,GMT,+00:00
Europe/Isle_of_Man,BST,+01:00
Europe/Istanbul,+03,+03:00
Europe/Jersey,GMT,+00:00
Europe/Jersey,BST,+01:00
Europe/Kaliningrad,EET,+02:00
Europe/Kiev,EET,+02:00
Europe/Kiev,EEST,+03:00
Europe/Kirov,MSK,+03:00
Europe/Kyiv,EET,+02:00
Europe/Kyiv,EEST,+03:00
Europe/Lisbon,WET,+00:00
Europe/Lisbon,WEST,+01:00
Europe/Ljubljana,CET,+01:00
Europe/Ljubljana,CEST,+02:00
Europe/London,GMT,+00:00
Europe/London,BST,+01:00
Europe/Luxembourg,CET,+01:00
Europe/Luxembourg,CEST,+02:00
Europe/Madrid,CET,+01:00
Europe/Madrid,CEST,+02:00
Europe/Malta,CET,+01:00
Europe/Malta,CEST,+02:00
Europe/Mariehamn,EET,+02:00
Europe/Mariehamn,EEST,+03:00
Europe/Minsk,+03,+03:00
Europe/Monaco,CET,+01:00
Europe/Monaco,CEST,+02:00
Europe/Moscow,MSK,+03:00
Europe/Nicosia,EET,+02:00
Europe/Nicosia,EEST,+03:00
Europe/Oslo,CET,+01:00
Europe/Oslo,CEST,+02:00
Europe/Paris,CET,+01:00
Europe/Paris,CEST,+02:00
Europe/Podgorica,CET,+01:00
Europe/Podgorica,CEST,+02:00
Europe/Prague,CET,+01:00
Europe/Prague,CEST,+02:00
Europe/Riga,EET,+02:00
Europe/Riga,EEST,+03:00
Europe/Rome,CET,+01:00
Europe/Rome,CEST,+02:00
Europe/Samara,+04,+04:00
Europe/San_Marino,CET,+01:00
Europe/San_Marino,CEST,+02:00
Europe/Sarajevo,CET,+01:00
Europe/Sarajevo,CEST,+02:00
Europe/Saratov,+04,+04:00
Europe/Simferopol,MSK,+03:00
Europe/Skopje,CET,+01:00
Europe/Skopje,CEST,+02:00
Europe/Sofia,EET,+02:00
Europe/Sofia,EEST,+03:00
Europe/Stockholm,CET,+01:00
Europe/Stockholm,CEST,+02:00
Europe/Tallinn,EET,+02:00
Europe/Tallinn,EEST,+03:00
Europe/Tirane,CET,+01:00
Europe/Tirane,CEST,+02:00
Europe/Tiraspol,EET,+02:00
Europe/Tiraspol,EEST,+03:00
Europe/Ulyanovsk,+04,+04:00
Europe/Uzhgorod,EET,+02:00
Europe/Uzhgorod,EEST,+03:00
Europe/Vaduz,CET,+01:00
Europe/Vaduz,CEST,+02:00
Europe/Vatican,CET,+01:00
Europe/Vatican,CEST,+02:00
Europe/Vienna,CET,+01:00
Europe/Vienna,CEST,+02:00
Europe/Vilnius,EET,+02:00
Europe/Vilnius,EEST,+03:00
Europe/Volgograd,MSK,+03:00
Europe/Warsaw,CET,+01:00
Europe/Warsaw,CEST,+02:00
Europe/Zagreb,CET,+01:00
Europe/Zagreb,CEST,+02:00
Europe/Zaporozhye,EET,+02:00
Europe/Zaporozhye,EEST,+03:00
Europe/Zurich,CET,+01:00
Europe/Zurich,CEST,+02:00
GB,GMT,+00:00
GB,BST,+01:00
GB-Eire,GMT,+00:00
GB-Eire,BST,+01:00
GMT,GMT,+00:00
GMT+0,GMT,+00:00
GMT-0,GMT,+00:00
GMT0,GMT,+00:00
Greenwich,GMT,+00:00
HST,HST,-10:00
Hongkong,HKT,+08:00
Iceland,GMT,+00:00
Indian/Antananarivo,EAT,+03:00
Indian/Chagos,+06,+06:00
Indian/Christmas,+07,+07:00
Indian/Cocos,+0630,+06:00
Indian/Comoro,EAT,+03:00
Indian/Kerguelen,+05,+05:00
Indian/Mahe,+04,+04:00
Indian/Maldives,+05,+05:00
Indian/Mauritius,+04,+04:00
Indian/Mayotte,EAT,+03:00
Indian/Reunion,+04,+04:00
Iran,+0330,+04:00
Israel,IST,+02:00
Israel,IDT,+03:00
Jamaica,EST,-05:00
Japan,JST,+09:00
Kwajalein,+12,+12:00
Libya,EET,+02:00
MET,MET,+01:00
MET,MEST,+02:00
MST,MST,-07:00
MST7MDT,MST,-07:00
MST7MDT,MDT,-06:00
Mexico/BajaNorte,PST,-08:00
Mexico/BajaNorte,PDT,-07:00
Mexico/BajaSur,MST,-07:00
Mexico/General,CST,-06:00
NZ,NZDT,+13:00
NZ,NZST,+12:00
NZ-CHAT,+1345,+14:00
NZ-CHAT,+1245,+13:00
Navajo,MST,-07:00
Navajo,MDT,-06:00
PRC,CST,+08:00
PST8PDT,PST,-08:00
PST8PDT,PDT,-07:00
Pacific/Apia,+13,+13:00
Pacific/Auckland,NZDT,+13:00
Pacific/Auckland,NZST,+12:00
Pacific/Bougainville,+11,+11:00
Pacific/Chatham,+1345,+14:00
Pacific/Chatham,+1245,+13:00
Pacific/Chuuk,+10,+10:00
Pacific/Easter,-05,-05:00
Pacific/Easter,-06,-06:00
Pacific/Efate,+11,+11:00
Pacific/Enderbury,+13,+13:00
Pacific/Fakaofo,+13,+13:00
Pacific/Fiji,+12,+12:00
Pacific/Funafuti,+12,+12:00
Pacific/Galapagos,-06,-06:00
Pacific/Gambier,-09,-09:00
Pacific/Guadalcanal,+11,+11:00
Pacific/Guam,ChST,+10:00
Pacific/Honolulu,HST,-10:00
Pacific/Johnston,HST,-10:00
Pacific/Kanton,+13,+13:00
Pacific/Kiritimati,+14,+14:00
Pacific/Kosrae,+11,+11:00
Pacific/Kwajalein,+12,+12:00
Pacific/Majuro,+12,+12:00
Pacific/Marquesas,-0930,-10:00
Pacific/Midway,SST,-11:00
Pacific/Nauru,+12,+12:00
Pacific/Niue,-11,-11:00
Pacific/Norfolk,+12,+12:00
Pacific/Norfolk,+11,+11:00
Pacific/Noumea,+11,+11:00
Pacific/Pago_Pago,SST,-11:00
Pacific/Palau,+09,+09:00
Pacific/Pitcairn,-08,-08:00
Pacific/Pohnpei,+11,+11:00
Pacific/Ponape,+11,+11:00
Pacific/Port_Moresby,+10,+10:00
Pacific/Rarotonga,-10,-10:00
Pacific/Saipan,ChST,+10:00
Pacific/Samoa,SST,-11:00
Pacific/Tahiti,-10,-10:00
Pacific/Tarawa,+12,+12:00
Pacific/Tongatapu,+13,+13:00
Pacific/Truk,+10,+10:00
Pacific/Wake,+12,+12:00
Pacific/Wallis,+12,+12:00
Pacific/Yap,+10,+10:00
Poland,CET,+01:00
Poland,CEST,+02:00
Portugal,WET,+00:00
Portugal,WEST,+01:00
ROC,CST,+08:00
ROK,KST,+09:00
Singapore,+08,+08:00
Turkey,+03,+03:00
UCT,UTC,+00:00
US/Alaska,AKST,-09:00
US/Alaska,AKDT,-08:00
US/Aleutian,HST,-10:00
US/Aleutian,HDT,-09:00
US/Arizona,MST,-07:00
US/Central,CST,-06:00
US/Central,CDT,-05:00
US/East-Indiana,EST,-05:00
US/East-Indiana,EDT,-04:00
US/Eastern,EST,-05:00
US/Eastern,EDT,-04:00
US/Hawaii,HST,-10:00
US/Indiana-Starke,CST,-06:00
US/Indiana-Starke,CDT,-05:00
US/Michigan,EST,-05:00
US/Michigan,EDT,-04:00
US/Mountain,MST,-07:00
US/Mountain,MDT,-06:00
US/Pacific,PST,-08:00
US/Pacific,PDT,-07:00
US/Samoa,SST,-11:00
UTC,UTC,+00:00
Universal,UTC,+00:00
W-SU,MSK,+03:00
WET,WET,+00:00
WET,WEST,+01:00
Zulu,UTC,+00:00
